{"acc/top1": 0.8571428571428571, "acc/top5": 0.9642857142857143, "acc/mean1": 0.25, "data_time": 0.4102149946349008, "time": 0.44346289123807636}